resnr,restype,reschain,resnr_lig,restype_lig,reschain_lig,prot_idx_list,centdist,angle,offset,type,lig_idx_list,ligcoo,protcoo,pdbid
525,PHE,A,599,3b,B,"
            ",4.93,77.60,0.35,T,"
            ","
            ","
            ",PDB_371_PROTEIN
507,TYR,A,599,3b,B,"
            ",4.02,13.40,1.95,P,"
            ","
            ","
            ",PDB_118_PROTEIN
507,TYR,A,599,3b,B,"
            ",5.21,60.59,1.78,T,"
            ","
            ","
            ",PDB_116_PROTEIN
507,TYR,A,599,3b,B,"
            ",4.44,7.46,1.80,P,"
            ","
            ","
            ",PDB_111_PROTEIN
519,PHE,A,599,3b,B,"
            ",5.38,73.64,1.64,T,"
            ","
            ","
            ",PDB_370_PROTEIN
519,PHE,A,599,3b,B,"
            ",4.70,66.58,0.91,T,"
            ","
            ","
            ",PDB_173_PROTEIN
534,PHE,A,599,3b,B,"
            ",4.82,84.02,0.40,T,"
            ","
            ","
            ",PDB_187_PROTEIN
525,PHE,A,599,3b,B,"
            ",4.83,63.35,0.52,T,"
            ","
            ","
            ",PDB_491_PROTEIN
525,PHE,A,599,3b,B,"
            ",5.39,69.03,1.93,T,"
            ","
            ","
            ",PDB_234_PROTEIN
525,PHE,A,599,3b,B,"
            ",5.11,73.44,1.61,T,"
            ","
            ","
            ",PDB_462_PROTEIN
507,TYR,A,599,3b,B,"
            ",4.88,62.37,0.09,T,"
            ","
            ","
            ",PDB_14_PROTEIN
525,PHE,A,599,3b,B,"
            ",5.36,67.82,1.98,T,"
            ","
            ","
            ",PDB_269_PROTEIN
525,PHE,A,599,3b,B,"
            ",5.08,80.89,1.29,T,"
            ","
            ","
            ",PDB_463_PROTEIN
525,PHE,A,599,3b,B,"
            ",4.19,21.17,0.48,P,"
            ","
            ","
            ",PDB_464_PROTEIN
357,PHE,A,599,3b,B,"
            ",4.93,71.58,1.25,T,"
            ","
            ","
            ",PDB_77_PROTEIN
492,TYR,A,599,3b,B,"
            ",4.75,82.30,1.22,T,"
            ","
            ","
            ",PDB_5_PROTEIN
512,TYR,A,599,3b,B,"
            ",5.33,89.58,1.83,T,"
            ","
            ","
            ",PDB_5_PROTEIN
525,PHE,A,599,3b,B,"
            ",4.61,66.31,1.32,T,"
            ","
            ","
            ",PDB_275_PROTEIN
326,TYR,A,599,3b,B,"
            ",5.21,69.96,0.31,T,"
            ","
            ","
            ",PDB_39_PROTEIN
507,TYR,A,599,3b,B,"
            ",4.92,84.34,0.63,T,"
            ","
            ","
            ",PDB_55_PROTEIN
357,PHE,A,599,3b,B,"
            ",5.14,82.81,1.16,T,"
            ","
            ","
            ",PDB_52_PROTEIN
519,PHE,A,599,3b,B,"
            ",4.67,76.51,1.20,T,"
            ","
            ","
            ",PDB_483_PROTEIN
519,PHE,A,599,3b,B,"
            ",5.09,73.35,1.11,T,"
            ","
            ","
            ",PDB_226_PROTEIN
525,PHE,A,599,3b,B,"
            ",5.07,65.58,0.50,T,"
            ","
            ","
            ",PDB_245_PROTEIN
525,PHE,A,599,3b,B,"
            ",3.84,24.06,1.22,P,"
            ","
            ","
            ",PDB_414_PROTEIN
519,PHE,A,599,3b,B,"
            ",5.34,88.45,1.81,T,"
            ","
            ","
            ",PDB_273_PROTEIN
525,PHE,A,599,3b,B,"
            ",5.26,80.97,1.26,T,"
            ","
            ","
            ",PDB_194_PROTEIN
525,PHE,A,599,3b,B,"
            ",5.05,68.26,1.54,T,"
            ","
            ","
            ",PDB_301_PROTEIN
507,TYR,A,599,3b,B,"
            ",5.39,87.03,1.53,T,"
            ","
            ","
            ",PDB_102_PROTEIN
519,PHE,A,599,3b,B,"
            ",4.52,80.88,1.09,T,"
            ","
            ","
            ",PDB_159_PROTEIN
519,PHE,A,599,3b,B,"
            ",5.49,85.10,1.49,T,"
            ","
            ","
            ",PDB_362_PROTEIN
519,PHE,A,599,3b,B,"
            ",3.78,20.86,0.84,P,"
            ","
            ","
            ",PDB_336_PROTEIN
507,TYR,A,599,3b,B,"
            ",4.19,27.40,0.92,P,"
            ","
            ","
            ",PDB_103_PROTEIN
519,PHE,A,599,3b,B,"
            ",4.64,66.43,1.41,T,"
            ","
            ","
            ",PDB_171_PROTEIN
519,PHE,A,599,3b,B,"
            ",5.26,73.98,1.45,T,"
            ","
            ","
            ",PDB_381_PROTEIN
525,PHE,A,599,3b,B,"
            ",4.84,69.02,1.93,T,"
            ","
            ","
            ",PDB_380_PROTEIN
519,PHE,A,599,3b,B,"
            ",5.00,70.18,1.94,T,"
            ","
            ","
            ",PDB_290_PROTEIN
525,PHE,A,599,3b,B,"
            ",5.29,72.01,1.67,T,"
            ","
            ","
            ",PDB_297_PROTEIN
507,TYR,A,599,3b,B,"
            ",5.33,89.81,0.93,T,"
            ","
            ","
            ",PDB_75_PROTEIN
525,PHE,A,599,3b,B,"
            ",4.50,17.16,1.11,P,"
            ","
            ","
            ",PDB_206_PROTEIN
525,PHE,A,599,3b,B,"
            ",4.72,27.56,1.34,P,"
            ","
            ","
            ",PDB_201_PROTEIN
507,TYR,A,599,3b,B,"
            ",5.10,72.59,1.56,T,"
            ","
            ","
            ",PDB_44_PROTEIN
507,TYR,A,599,3b,B,"
            ",3.72,11.43,0.68,P,"
            ","
            ","
            ",PDB_11_PROTEIN
509,PHE,A,599,3b,B,"
            ",4.63,64.80,1.02,T,"
            ","
            ","
            ",PDB_11_PROTEIN
525,PHE,A,599,3b,B,"
            ",3.95,18.83,0.62,P,"
            ","
            ","
            ",PDB_494_PROTEIN
525,PHE,A,599,3b,B,"
            ",5.04,65.05,1.19,T,"
            ","
            ","
            ",PDB_442_PROTEIN
525,PHE,A,599,3b,B,"
            ",3.76,7.25,1.01,P,"
            ","
            ","
            ",PDB_442_PROTEIN
507,TYR,A,599,3b,B,"
            ",5.37,19.01,0.69,P,"
            ","
            ","
            ",PDB_56_PROTEIN
507,TYR,A,599,3b,B,"
            ",3.77,27.18,0.95,P,"
            ","
            ","
            ",PDB_93_PROTEIN
519,PHE,A,599,3b,B,"
            ",5.41,65.46,1.95,T,"
            ","
            ","
            ",PDB_474_PROTEIN
519,PHE,A,599,3b,B,"
            ",3.72,27.33,1.18,P,"
            ","
            ","
            ",PDB_418_PROTEIN
507,TYR,A,599,3b,B,"
            ",5.27,85.08,0.73,T,"
            ","
            ","
            ",PDB_34_PROTEIN
507,TYR,A,599,3b,B,"
            ",5.31,73.84,1.42,T,"
            ","
            ","
            ",PDB_95_PROTEIN
357,PHE,A,599,3b,B,"
            ",5.13,69.50,0.53,T,"
            ","
            ","
            ",PDB_68_PROTEIN
507,TYR,A,599,3b,B,"
            ",4.41,26.66,1.32,P,"
            ","
            ","
            ",PDB_9_PROTEIN
509,PHE,A,599,3b,B,"
            ",3.92,18.61,0.72,P,"
            ","
            ","
            ",PDB_9_PROTEIN
509,PHE,A,599,3b,B,"
            ",5.42,65.20,1.32,T,"
            ","
            ","
            ",PDB_7_PROTEIN
525,PHE,A,599,3b,B,"
            ",5.11,79.50,0.92,T,"
            ","
            ","
            ",PDB_367_PROTEIN
541,TYR,A,599,3b,B,"
            ",3.88,28.94,1.41,P,"
            ","
            ","
            ",PDB_367_PROTEIN
541,TYR,A,599,3b,B,"
            ",5.45,88.78,1.75,T,"
            ","
            ","
            ",PDB_369_PROTEIN
541,TYR,A,599,3b,B,"
            ",5.09,72.78,0.97,T,"
            ","
            ","
            ",PDB_303_PROTEIN
519,PHE,A,599,3b,B,"
            ",4.46,27.99,1.96,P,"
            ","
            ","
            ",PDB_392_PROTEIN
541,TYR,A,599,3b,B,"
            ",3.42,16.78,0.78,P,"
            ","
            ","
            ",PDB_392_PROTEIN
