resnr,restype,reschain,prot_idx_list,resnr_lig,restype_lig,reschain_lig,dist,protispos,lig_group,lig_idx_list,ligcoo,protcoo,pdbid
505,ARG,A,"
            ",599,3b,B,4.48,True,Carboxylate,"
            ","
            ","
            ",PDB_110_PROTEIN
544,LYS,A,"
            ",599,3b,B,3.63,True,Carboxylate,"
            ","
            ","
            ",PDB_110_PROTEIN
505,ARG,A,"
            ",599,3b,B,4.49,True,Carboxylate,"
            ","
            ","
            ",PDB_117_PROTEIN
544,LYS,A,"
            ",599,3b,B,3.92,True,Carboxylate,"
            ","
            ","
            ",PDB_117_PROTEIN
505,ARG,A,"
            ",599,3b,B,4.15,True,Carboxylate,"
            ","
            ","
            ",PDB_121_PROTEIN
544,LYS,A,"
            ",599,3b,B,4.99,True,Carboxylate,"
            ","
            ","
            ",PDB_119_PROTEIN
523,LYS,A,"
            ",599,3b,B,3.82,True,Carboxylate,"
            ","
            ","
            ",PDB_172_PROTEIN
523,LYS,A,"
            ",599,3b,B,3.75,True,Carboxylate,"
            ","
            ","
            ",PDB_347_PROTEIN
523,LYS,A,"
            ",599,3b,B,3.99,True,Carboxylate,"
            ","
            ","
            ",PDB_175_PROTEIN
523,LYS,A,"
            ",599,3b,B,4.84,True,Carboxylate,"
            ","
            ","
            ",PDB_181_PROTEIN
523,LYS,A,"
            ",599,3b,B,4.31,True,Carboxylate,"
            ","
            ","
            ",PDB_378_PROTEIN
523,LYS,A,"
            ",599,3b,B,3.07,True,Carboxylate,"
            ","
            ","
            ",PDB_349_PROTEIN
523,LYS,A,"
            ",599,3b,B,3.98,True,Carboxylate,"
            ","
            ","
            ",PDB_127_PROTEIN
523,LYS,A,"
            ",599,3b,B,3.33,True,Carboxylate,"
            ","
            ","
            ",PDB_315_PROTEIN
435,LYS,A,"
            ",599,3b,B,4.98,True,Carboxylate,"
            ","
            ","
            ",PDB_120_PROTEIN
544,LYS,A,"
            ",599,3b,B,2.89,True,Carboxylate,"
            ","
            ","
            ",PDB_116_PROTEIN
523,LYS,A,"
            ",599,3b,B,4.53,True,Carboxylate,"
            ","
            ","
            ",PDB_377_PROTEIN
523,LYS,A,"
            ",599,3b,B,5.18,True,Carboxylate,"
            ","
            ","
            ",PDB_383_PROTEIN
523,LYS,A,"
            ",599,3b,B,4.56,True,Carboxylate,"
            ","
            ","
            ",PDB_189_PROTEIN
523,LYS,A,"
            ",599,3b,B,4.63,True,Carboxylate,"
            ","
            ","
            ",PDB_174_PROTEIN
523,LYS,A,"
            ",599,3b,B,2.67,True,Carboxylate,"
            ","
            ","
            ",PDB_173_PROTEIN
359,LYS,A,"
            ",599,3b,B,3.80,True,Carboxylate,"
            ","
            ","
            ",PDB_49_PROTEIN
435,LYS,A,"
            ",599,3b,B,4.03,True,Carboxylate,"
            ","
            ","
            ",PDB_82_PROTEIN
505,ARG,A,"
            ",599,3b,B,4.61,True,Carboxylate,"
            ","
            ","
            ",PDB_82_PROTEIN
523,LYS,A,"
            ",599,3b,B,5.47,True,Carboxylate,"
            ","
            ","
            ",PDB_491_PROTEIN
523,LYS,A,"
            ",599,3b,B,4.22,True,Carboxylate,"
            ","
            ","
            ",PDB_465_PROTEIN
523,LYS,A,"
            ",599,3b,B,5.02,True,Carboxylate,"
            ","
            ","
            ",PDB_233_PROTEIN
359,LYS,A,"
            ",599,3b,B,3.97,True,Carboxylate,"
            ","
            ","
            ",PDB_76_PROTEIN
362,LYS,A,"
            ",599,3b,B,3.70,True,Carboxylate,"
            ","
            ","
            ",PDB_71_PROTEIN
505,ARG,A,"
            ",599,3b,B,3.30,True,Carboxylate,"
            ","
            ","
            ",PDB_71_PROTEIN
523,LYS,A,"
            ",599,3b,B,3.55,True,Carboxylate,"
            ","
            ","
            ",PDB_462_PROTEIN
523,LYS,A,"
            ",599,3b,B,3.13,True,Carboxylate,"
            ","
            ","
            ",PDB_462_PROTEIN
505,ARG,A,"
            ",599,3b,B,4.50,True,Carboxylate,"
            ","
            ","
            ",PDB_85_PROTEIN
505,ARG,A,"
            ",599,3b,B,5.31,True,Carboxylate,"
            ","
            ","
            ",PDB_85_PROTEIN
359,LYS,A,"
            ",599,3b,B,3.16,True,Carboxylate,"
            ","
            ","
            ",PDB_78_PROTEIN
435,LYS,A,"
            ",599,3b,B,5.49,True,Carboxylate,"
            ","
            ","
            ",PDB_78_PROTEIN
505,ARG,A,"
            ",599,3b,B,5.20,True,Carboxylate,"
            ","
            ","
            ",PDB_78_PROTEIN
362,LYS,A,"
            ",599,3b,B,3.78,True,Carboxylate,"
            ","
            ","
            ",PDB_47_PROTEIN
523,LYS,A,"
            ",599,3b,B,4.71,True,Carboxylate,"
            ","
            ","
            ",PDB_498_PROTEIN
523,LYS,A,"
            ",599,3b,B,3.66,True,Carboxylate,"
            ","
            ","
            ",PDB_205_PROTEIN
359,LYS,A,"
            ",599,3b,B,3.79,True,Carboxylate,"
            ","
            ","
            ",PDB_40_PROTEIN
359,LYS,A,"
            ",599,3b,B,5.31,True,Carboxylate,"
            ","
            ","
            ",PDB_40_PROTEIN
505,ARG,A,"
            ",599,3b,B,5.29,True,Carboxylate,"
            ","
            ","
            ",PDB_40_PROTEIN
523,LYS,A,"
            ",599,3b,B,3.76,True,Carboxylate,"
            ","
            ","
            ",PDB_251_PROTEIN
523,LYS,A,"
            ",599,3b,B,2.85,True,Carboxylate,"
            ","
            ","
            ",PDB_407_PROTEIN
523,LYS,A,"
            ",599,3b,B,3.05,True,Carboxylate,"
            ","
            ","
            ",PDB_400_PROTEIN
523,LYS,A,"
            ",599,3b,B,5.42,True,Carboxylate,"
            ","
            ","
            ",PDB_260_PROTEIN
523,LYS,A,"
            ",599,3b,B,3.86,True,Carboxylate,"
            ","
            ","
            ",PDB_436_PROTEIN
523,LYS,A,"
            ",599,3b,B,3.49,True,Carboxylate,"
            ","
            ","
            ",PDB_294_PROTEIN
523,LYS,A,"
            ",599,3b,B,4.55,True,Carboxylate,"
            ","
            ","
            ",PDB_409_PROTEIN
523,LYS,A,"
            ",599,3b,B,3.78,True,Carboxylate,"
            ","
            ","
            ",PDB_431_PROTEIN
523,LYS,A,"
            ",599,3b,B,5.37,True,Carboxylate,"
            ","
            ","
            ",PDB_267_PROTEIN
523,LYS,A,"
            ",599,3b,B,3.61,True,Carboxylate,"
            ","
            ","
            ",PDB_258_PROTEIN
359,LYS,A,"
            ",599,3b,B,3.33,True,Carboxylate,"
            ","
            ","
            ",PDB_41_PROTEIN
359,LYS,A,"
            ",599,3b,B,5.13,True,Carboxylate,"
            ","
            ","
            ",PDB_41_PROTEIN
505,ARG,A,"
            ",599,3b,B,5.13,True,Carboxylate,"
            ","
            ","
            ",PDB_41_PROTEIN
435,LYS,A,"
            ",599,3b,B,3.90,True,Carboxylate,"
            ","
            ","
            ",PDB_79_PROTEIN
505,ARG,A,"
            ",599,3b,B,5.25,True,Carboxylate,"
            ","
            ","
            ",PDB_79_PROTEIN
523,LYS,A,"
            ",599,3b,B,5.29,True,Carboxylate,"
            ","
            ","
            ",PDB_455_PROTEIN
362,LYS,A,"
            ",599,3b,B,3.99,True,Carboxylate,"
            ","
            ","
            ",PDB_46_PROTEIN
505,ARG,A,"
            ",599,3b,B,3.57,True,Carboxylate,"
            ","
            ","
            ",PDB_46_PROTEIN
523,LYS,A,"
            ",599,3b,B,4.24,True,Carboxylate,"
            ","
            ","
            ",PDB_497_PROTEIN
523,LYS,A,"
            ",599,3b,B,3.94,True,Carboxylate,"
            ","
            ","
            ",PDB_497_PROTEIN
544,LYS,A,"
            ",599,3b,B,3.49,True,Carboxylate,"
            ","
            ","
            ",PDB_84_PROTEIN
523,LYS,A,"
            ",599,3b,B,3.62,True,Carboxylate,"
            ","
            ","
            ",PDB_235_PROTEIN
435,LYS,A,"
            ",599,3b,B,4.56,True,Carboxylate,"
            ","
            ","
            ",PDB_48_PROTEIN
523,LYS,A,"
            ",599,3b,B,4.65,True,Carboxylate,"
            ","
            ","
            ",PDB_464_PROTEIN
359,LYS,A,"
            ",599,3b,B,5.01,True,Carboxylate,"
            ","
            ","
            ",PDB_77_PROTEIN
362,LYS,A,"
            ",599,3b,B,4.45,True,Carboxylate,"
            ","
            ","
            ",PDB_77_PROTEIN
435,LYS,A,"
            ",599,3b,B,5.48,True,Carboxylate,"
            ","
            ","
            ",PDB_77_PROTEIN
505,ARG,A,"
            ",599,3b,B,3.51,True,Carboxylate,"
            ","
            ","
            ",PDB_77_PROTEIN
390,LYS,A,"
            ",599,3b,B,5.16,True,Carboxylate,"
            ","
            ","
            ",PDB_83_PROTEIN
505,ARG,A,"
            ",599,3b,B,3.65,True,Carboxylate,"
            ","
            ","
            ",PDB_83_PROTEIN
523,LYS,A,"
            ",599,3b,B,3.39,True,Carboxylate,"
            ","
            ","
            ",PDB_430_PROTEIN
523,LYS,A,"
            ",599,3b,B,3.82,True,Carboxylate,"
            ","
            ","
            ",PDB_430_PROTEIN
523,LYS,A,"
            ",599,3b,B,3.06,True,Carboxylate,"
            ","
            ","
            ",PDB_266_PROTEIN
505,ARG,A,"
            ",599,3b,B,4.10,True,Carboxylate,"
            ","
            ","
            ",PDB_23_PROTEIN
523,LYS,A,"
            ",599,3b,B,3.58,True,Carboxylate,"
            ","
            ","
            ",PDB_292_PROTEIN
505,ARG,A,"
            ",599,3b,B,5.35,True,Carboxylate,"
            ","
            ","
            ",PDB_24_PROTEIN
523,LYS,A,"
            ",599,3b,B,3.96,True,Carboxylate,"
            ","
            ","
            ",PDB_437_PROTEIN
523,LYS,A,"
            ",599,3b,B,5.10,True,Carboxylate,"
            ","
            ","
            ",PDB_401_PROTEIN
490,LYS,A,"
            ",599,3b,B,3.71,True,Carboxylate,"
            ","
            ","
            ",PDB_268_PROTEIN
523,LYS,A,"
            ",599,3b,B,2.61,True,Carboxylate,"
            ","
            ","
            ",PDB_268_PROTEIN
523,LYS,A,"
            ",599,3b,B,4.46,True,Carboxylate,"
            ","
            ","
            ",PDB_250_PROTEIN
328,LYS,A,"
            ",599,3b,B,3.83,True,Carboxylate,"
            ","
            ","
            ",PDB_15_PROTEIN
523,LYS,A,"
            ",599,3b,B,3.98,True,Carboxylate,"
            ","
            ","
            ",PDB_406_PROTEIN
523,LYS,A,"
            ",599,3b,B,3.96,True,Carboxylate,"
            ","
            ","
            ",PDB_439_PROTEIN
362,LYS,A,"
            ",599,3b,B,4.71,True,Carboxylate,"
            ","
            ","
            ",PDB_37_PROTEIN
505,ARG,A,"
            ",599,3b,B,4.38,True,Carboxylate,"
            ","
            ","
            ",PDB_37_PROTEIN
505,ARG,A,"
            ",599,3b,B,4.30,True,Carboxylate,"
            ","
            ","
            ",PDB_37_PROTEIN
523,LYS,A,"
            ",599,3b,B,3.29,True,Carboxylate,"
            ","
            ","
            ",PDB_272_PROTEIN
523,LYS,A,"
            ",599,3b,B,4.93,True,Carboxylate,"
            ","
            ","
            ",PDB_286_PROTEIN
523,LYS,A,"
            ",599,3b,B,5.29,True,Carboxylate,"
            ","
            ","
            ",PDB_286_PROTEIN
435,LYS,A,"
            ",599,3b,B,5.24,True,Carboxylate,"
            ","
            ","
            ",PDB_30_PROTEIN
523,LYS,A,"
            ",599,3b,B,4.71,True,Carboxylate,"
            ","
            ","
            ",PDB_288_PROTEIN
523,LYS,A,"
            ",599,3b,B,3.64,True,Carboxylate,"
            ","
            ","
            ",PDB_415_PROTEIN
523,LYS,A,"
            ",599,3b,B,5.45,True,Carboxylate,"
            ","
            ","
            ",PDB_415_PROTEIN
523,LYS,A,"
            ",599,3b,B,5.26,True,Carboxylate,"
            ","
            ","
            ",PDB_244_PROTEIN
523,LYS,A,"
            ",599,3b,B,3.86,True,Carboxylate,"
            ","
            ","
            ",PDB_244_PROTEIN
523,LYS,A,"
            ",599,3b,B,4.02,True,Carboxylate,"
            ","
            ","
            ",PDB_412_PROTEIN
523,LYS,A,"
            ",599,3b,B,3.86,True,Carboxylate,"
            ","
            ","
            ",PDB_210_PROTEIN
435,LYS,A,"
            ",599,3b,B,2.67,True,Carboxylate,"
            ","
            ","
            ",PDB_55_PROTEIN
523,LYS,A,"
            ",599,3b,B,3.84,True,Carboxylate,"
            ","
            ","
            ",PDB_479_PROTEIN
523,LYS,A,"
            ",599,3b,B,3.84,True,Carboxylate,"
            ","
            ","
            ",PDB_441_PROTEIN
523,LYS,A,"
            ",599,3b,B,5.08,True,Carboxylate,"
            ","
            ","
            ",PDB_441_PROTEIN
362,LYS,A,"
            ",599,3b,B,2.91,True,Carboxylate,"
            ","
            ","
            ",PDB_52_PROTEIN
505,ARG,A,"
            ",599,3b,B,5.27,True,Carboxylate,"
            ","
            ","
            ",PDB_52_PROTEIN
435,LYS,A,"
            ",599,3b,B,5.33,True,Carboxylate,"
            ","
            ","
            ",PDB_99_PROTEIN
544,LYS,A,"
            ",599,3b,B,3.98,True,Carboxylate,"
            ","
            ","
            ",PDB_99_PROTEIN
505,ARG,A,"
            ",599,3b,B,3.75,True,Carboxylate,"
            ","
            ","
            ",PDB_90_PROTEIN
505,ARG,A,"
            ",599,3b,B,3.78,True,Carboxylate,"
            ","
            ","
            ",PDB_64_PROTEIN
523,LYS,A,"
            ",599,3b,B,2.97,True,Carboxylate,"
            ","
            ","
            ",PDB_448_PROTEIN
523,LYS,A,"
            ",599,3b,B,3.70,True,Carboxylate,"
            ","
            ","
            ",PDB_470_PROTEIN
523,LYS,A,"
            ",599,3b,B,5.00,True,Carboxylate,"
            ","
            ","
            ",PDB_470_PROTEIN
435,LYS,A,"
            ",599,3b,B,3.64,True,Carboxylate,"
            ","
            ","
            ",PDB_63_PROTEIN
435,LYS,A,"
            ",599,3b,B,3.98,True,Carboxylate,"
            ","
            ","
            ",PDB_63_PROTEIN
505,ARG,A,"
            ",599,3b,B,4.77,True,Carboxylate,"
            ","
            ","
            ",PDB_63_PROTEIN
505,ARG,A,"
            ",599,3b,B,4.64,True,Carboxylate,"
            ","
            ","
            ",PDB_97_PROTEIN
523,LYS,A,"
            ",599,3b,B,3.63,True,Carboxylate,"
            ","
            ","
            ",PDB_484_PROTEIN
523,LYS,A,"
            ",599,3b,B,5.39,True,Carboxylate,"
            ","
            ","
            ",PDB_245_PROTEIN
523,LYS,A,"
            ",599,3b,B,3.81,True,Carboxylate,"
            ","
            ","
            ",PDB_245_PROTEIN
523,LYS,A,"
            ",599,3b,B,3.51,True,Carboxylate,"
            ","
            ","
            ",PDB_413_PROTEIN
523,LYS,A,"
            ",599,3b,B,3.42,True,Carboxylate,"
            ","
            ","
            ",PDB_413_PROTEIN
359,LYS,A,"
            ",599,3b,B,5.18,True,Carboxylate,"
            ","
            ","
            ",PDB_38_PROTEIN
505,ARG,A,"
            ",599,3b,B,4.36,True,Carboxylate,"
            ","
            ","
            ",PDB_38_PROTEIN
523,LYS,A,"
            ",599,3b,B,4.57,True,Carboxylate,"
            ","
            ","
            ",PDB_289_PROTEIN
523,LYS,A,"
            ",599,3b,B,3.62,True,Carboxylate,"
            ","
            ","
            ",PDB_414_PROTEIN
523,LYS,A,"
            ",599,3b,B,5.27,True,Carboxylate,"
            ","
            ","
            ",PDB_242_PROTEIN
435,LYS,A,"
            ",599,3b,B,4.14,True,Carboxylate,"
            ","
            ","
            ",PDB_31_PROTEIN
505,ARG,A,"
            ",599,3b,B,3.84,True,Carboxylate,"
            ","
            ","
            ",PDB_31_PROTEIN
523,LYS,A,"
            ",599,3b,B,4.53,True,Carboxylate,"
            ","
            ","
            ",PDB_274_PROTEIN
523,LYS,A,"
            ",599,3b,B,3.37,True,Carboxylate,"
            ","
            ","
            ",PDB_422_PROTEIN
523,LYS,A,"
            ",599,3b,B,3.97,True,Carboxylate,"
            ","
            ","
            ",PDB_422_PROTEIN
523,LYS,A,"
            ",599,3b,B,3.23,True,Carboxylate,"
            ","
            ","
            ",PDB_280_PROTEIN
523,LYS,A,"
            ",599,3b,B,3.11,True,Carboxylate,"
            ","
            ","
            ",PDB_425_PROTEIN
523,LYS,A,"
            ",599,3b,B,2.87,True,Carboxylate,"
            ","
            ","
            ",PDB_425_PROTEIN
362,LYS,A,"
            ",599,3b,B,5.06,True,Carboxylate,"
            ","
            ","
            ",PDB_36_PROTEIN
505,ARG,A,"
            ",599,3b,B,3.98,True,Carboxylate,"
            ","
            ","
            ",PDB_36_PROTEIN
505,ARG,A,"
            ",599,3b,B,4.60,True,Carboxylate,"
            ","
            ","
            ",PDB_96_PROTEIN
505,ARG,A,"
            ",599,3b,B,5.19,True,Carboxylate,"
            ","
            ","
            ",PDB_96_PROTEIN
523,LYS,A,"
            ",599,3b,B,4.54,True,Carboxylate,"
            ","
            ","
            ",PDB_471_PROTEIN
505,ARG,A,"
            ",599,3b,B,2.95,True,Carboxylate,"
            ","
            ","
            ",PDB_62_PROTEIN
505,ARG,A,"
            ",599,3b,B,3.82,True,Carboxylate,"
            ","
            ","
            ",PDB_65_PROTEIN
523,LYS,A,"
            ",599,3b,B,5.08,True,Carboxylate,"
            ","
            ","
            ",PDB_476_PROTEIN
523,LYS,A,"
            ",599,3b,B,2.77,True,Carboxylate,"
            ","
            ","
            ",PDB_476_PROTEIN
490,LYS,A,"
            ",599,3b,B,3.63,True,Carboxylate,"
            ","
            ","
            ",PDB_482_PROTEIN
523,LYS,A,"
            ",599,3b,B,3.37,True,Carboxylate,"
            ","
            ","
            ",PDB_482_PROTEIN
435,LYS,A,"
            ",599,3b,B,5.33,True,Carboxylate,"
            ","
            ","
            ",PDB_91_PROTEIN
505,ARG,A,"
            ",599,3b,B,4.49,True,Carboxylate,"
            ","
            ","
            ",PDB_91_PROTEIN
523,LYS,A,"
            ",599,3b,B,3.49,True,Carboxylate,"
            ","
            ","
            ",PDB_449_PROTEIN
523,LYS,A,"
            ",599,3b,B,5.22,True,Carboxylate,"
            ","
            ","
            ",PDB_440_PROTEIN
435,LYS,A,"
            ",599,3b,B,4.52,True,Carboxylate,"
            ","
            ","
            ",PDB_53_PROTEIN
505,ARG,A,"
            ",599,3b,B,4.30,True,Carboxylate,"
            ","
            ","
            ",PDB_53_PROTEIN
505,ARG,A,"
            ",599,3b,B,4.25,True,Carboxylate,"
            ","
            ","
            ",PDB_98_PROTEIN
362,LYS,A,"
            ",599,3b,B,4.90,True,Carboxylate,"
            ","
            ","
            ",PDB_54_PROTEIN
435,LYS,A,"
            ",599,3b,B,3.25,True,Carboxylate,"
            ","
            ","
            ",PDB_54_PROTEIN
523,LYS,A,"
            ",599,3b,B,3.40,True,Carboxylate,"
            ","
            ","
            ",PDB_447_PROTEIN
523,LYS,A,"
            ",599,3b,B,3.61,True,Carboxylate,"
            ","
            ","
            ",PDB_478_PROTEIN
523,LYS,A,"
            ",599,3b,B,3.87,True,Carboxylate,"
            ","
            ","
            ",PDB_478_PROTEIN
523,LYS,A,"
            ",599,3b,B,3.82,True,Carboxylate,"
            ","
            ","
            ",PDB_397_PROTEIN
523,LYS,A,"
            ",599,3b,B,5.06,True,Carboxylate,"
            ","
            ","
            ",PDB_169_PROTEIN
523,LYS,A,"
            ",599,3b,B,5.07,True,Carboxylate,"
            ","
            ","
            ",PDB_399_PROTEIN
523,LYS,A,"
            ",599,3b,B,3.84,True,Carboxylate,"
            ","
            ","
            ",PDB_194_PROTEIN
523,LYS,A,"
            ",599,3b,B,5.18,True,Carboxylate,"
            ","
            ","
            ",PDB_160_PROTEIN
523,LYS,A,"
            ",599,3b,B,3.59,True,Carboxylate,"
            ","
            ","
            ",PDB_167_PROTEIN
505,ARG,A,"
            ",599,3b,B,5.16,True,Carboxylate,"
            ","
            ","
            ",PDB_102_PROTEIN
544,LYS,A,"
            ",599,3b,B,5.31,True,Carboxylate,"
            ","
            ","
            ",PDB_105_PROTEIN
523,LYS,A,"
            ",599,3b,B,3.68,True,Carboxylate,"
            ","
            ","
            ",PDB_159_PROTEIN
523,LYS,A,"
            ",599,3b,B,3.57,True,Carboxylate,"
            ","
            ","
            ",PDB_166_PROTEIN
523,LYS,A,"
            ",599,3b,B,3.81,True,Carboxylate,"
            ","
            ","
            ",PDB_161_PROTEIN
523,LYS,A,"
            ",599,3b,B,3.49,True,Carboxylate,"
            ","
            ","
            ",PDB_195_PROTEIN
523,LYS,A,"
            ",599,3b,B,3.27,True,Carboxylate,"
            ","
            ","
            ",PDB_168_PROTEIN
359,LYS,A,"
            ",599,3b,B,4.01,True,Carboxylate,"
            ","
            ","
            ",PDB_104_PROTEIN
505,ARG,A,"
            ",599,3b,B,5.28,True,Carboxylate,"
            ","
            ","
            ",PDB_104_PROTEIN
523,LYS,A,"
            ",599,3b,B,5.05,True,Carboxylate,"
            ","
            ","
            ",PDB_176_PROTEIN
523,LYS,A,"
            ",599,3b,B,3.62,True,Carboxylate,"
            ","
            ","
            ",PDB_182_PROTEIN
523,LYS,A,"
            ",599,3b,B,3.77,True,Carboxylate,"
            ","
            ","
            ",PDB_381_PROTEIN
523,LYS,A,"
            ",599,3b,B,4.67,True,Carboxylate,"
            ","
            ","
            ",PDB_375_PROTEIN
523,LYS,A,"
            ",599,3b,B,4.85,True,Carboxylate,"
            ","
            ","
            ",PDB_178_PROTEIN
523,LYS,A,"
            ",599,3b,B,2.98,True,Carboxylate,"
            ","
            ","
            ",PDB_386_PROTEIN
505,ARG,A,"
            ",599,3b,B,3.75,True,Carboxylate,"
            ","
            ","
            ",PDB_114_PROTEIN
435,LYS,A,"
            ",599,3b,B,5.24,True,Carboxylate,"
            ","
            ","
            ",PDB_113_PROTEIN
490,LYS,A,"
            ",599,3b,B,3.85,True,Carboxylate,"
            ","
            ","
            ",PDB_125_PROTEIN
544,LYS,A,"
            ",599,3b,B,4.99,True,Carboxylate,"
            ","
            ","
            ",PDB_125_PROTEIN
523,LYS,A,"
            ",599,3b,B,5.16,True,Carboxylate,"
            ","
            ","
            ",PDB_387_PROTEIN
523,LYS,A,"
            ",599,3b,B,5.33,True,Carboxylate,"
            ","
            ","
            ",PDB_380_PROTEIN
523,LYS,A,"
            ",599,3b,B,3.06,True,Carboxylate,"
            ","
            ","
            ",PDB_389_PROTEIN
523,LYS,A,"
            ",599,3b,B,5.15,True,Carboxylate,"
            ","
            ","
            ",PDB_345_PROTEIN
523,LYS,A,"
            ",599,3b,B,3.62,True,Carboxylate,"
            ","
            ","
            ",PDB_177_PROTEIN
435,LYS,A,"
            ",599,3b,B,4.56,True,Carboxylate,"
            ","
            ","
            ",PDB_123_PROTEIN
544,LYS,A,"
            ",599,3b,B,3.39,True,Carboxylate,"
            ","
            ","
            ",PDB_123_PROTEIN
490,LYS,A,"
            ",599,3b,B,3.74,True,Carboxylate,"
            ","
            ","
            ",PDB_124_PROTEIN
505,ARG,A,"
            ",599,3b,B,4.33,True,Carboxylate,"
            ","
            ","
            ",PDB_112_PROTEIN
435,LYS,A,"
            ",599,3b,B,5.13,True,Carboxylate,"
            ","
            ","
            ",PDB_115_PROTEIN
490,LYS,A,"
            ",599,3b,B,4.56,True,Carboxylate,"
            ","
            ","
            ",PDB_252_PROTEIN
523,LYS,A,"
            ",599,3b,B,5.11,True,Carboxylate,"
            ","
            ","
            ",PDB_299_PROTEIN
435,LYS,A,"
            ",599,3b,B,3.95,True,Carboxylate,"
            ","
            ","
            ",PDB_28_PROTEIN
505,ARG,A,"
            ",599,3b,B,4.95,True,Carboxylate,"
            ","
            ","
            ",PDB_28_PROTEIN
523,LYS,A,"
            ",599,3b,B,3.67,True,Carboxylate,"
            ","
            ","
            ",PDB_290_PROTEIN
523,LYS,A,"
            ",599,3b,B,4.34,True,Carboxylate,"
            ","
            ","
            ",PDB_432_PROTEIN
523,LYS,A,"
            ",599,3b,B,3.92,True,Carboxylate,"
            ","
            ","
            ",PDB_264_PROTEIN
328,LYS,A,"
            ",599,3b,B,3.74,True,Carboxylate,"
            ","
            ","
            ",PDB_21_PROTEIN
523,LYS,A,"
            ",599,3b,B,3.58,True,Carboxylate,"
            ","
            ","
            ",PDB_435_PROTEIN
523,LYS,A,"
            ",599,3b,B,4.02,True,Carboxylate,"
            ","
            ","
            ",PDB_297_PROTEIN
505,ARG,A,"
            ",599,3b,B,3.96,True,Carboxylate,"
            ","
            ","
            ",PDB_72_PROTEIN
523,LYS,A,"
            ",599,3b,B,4.57,True,Carboxylate,"
            ","
            ","
            ",PDB_461_PROTEIN
523,LYS,A,"
            ",599,3b,B,4.37,True,Carboxylate,"
            ","
            ","
            ",PDB_495_PROTEIN
523,LYS,A,"
            ",599,3b,B,3.91,True,Carboxylate,"
            ","
            ","
            ",PDB_495_PROTEIN
505,ARG,A,"
            ",599,3b,B,3.91,True,Carboxylate,"
            ","
            ","
            ",PDB_86_PROTEIN
523,LYS,A,"
            ",599,3b,B,3.47,True,Carboxylate,"
            ","
            ","
            ",PDB_459_PROTEIN
359,LYS,A,"
            ",599,3b,B,4.99,True,Carboxylate,"
            ","
            ","
            ",PDB_81_PROTEIN
505,ARG,A,"
            ",599,3b,B,3.97,True,Carboxylate,"
            ","
            ","
            ",PDB_81_PROTEIN
362,LYS,A,"
            ",599,3b,B,3.90,True,Carboxylate,"
            ","
            ","
            ",PDB_75_PROTEIN
505,ARG,A,"
            ",599,3b,B,4.00,True,Carboxylate,"
            ","
            ","
            ",PDB_75_PROTEIN
435,LYS,A,"
            ",599,3b,B,4.20,True,Carboxylate,"
            ","
            ","
            ",PDB_88_PROTEIN
505,ARG,A,"
            ",599,3b,B,4.15,True,Carboxylate,"
            ","
            ","
            ",PDB_88_PROTEIN
359,LYS,A,"
            ",599,3b,B,3.70,True,Carboxylate,"
            ","
            ","
            ",PDB_43_PROTEIN
505,ARG,A,"
            ",599,3b,B,4.74,True,Carboxylate,"
            ","
            ","
            ",PDB_43_PROTEIN
523,LYS,A,"
            ",599,3b,B,3.28,True,Carboxylate,"
            ","
            ","
            ",PDB_468_PROTEIN
523,LYS,A,"
            ",599,3b,B,3.97,True,Carboxylate,"
            ","
            ","
            ",PDB_457_PROTEIN
362,LYS,A,"
            ",599,3b,B,4.32,True,Carboxylate,"
            ","
            ","
            ",PDB_44_PROTEIN
505,ARG,A,"
            ",599,3b,B,3.27,True,Carboxylate,"
            ","
            ","
            ",PDB_44_PROTEIN
523,LYS,A,"
            ",599,3b,B,4.90,True,Carboxylate,"
            ","
            ","
            ",PDB_296_PROTEIN
435,LYS,A,"
            ",599,3b,B,4.81,True,Carboxylate,"
            ","
            ","
            ",PDB_27_PROTEIN
505,ARG,A,"
            ",599,3b,B,4.61,True,Carboxylate,"
            ","
            ","
            ",PDB_27_PROTEIN
328,LYS,A,"
            ",599,3b,B,5.20,True,Carboxylate,"
            ","
            ","
            ",PDB_18_PROTEIN
523,LYS,A,"
            ",599,3b,B,3.77,True,Carboxylate,"
            ","
            ","
            ",PDB_433_PROTEIN
328,LYS,A,"
            ",599,3b,B,3.96,True,Carboxylate,"
            ","
            ","
            ",PDB_20_PROTEIN
523,LYS,A,"
            ",599,3b,B,5.39,True,Carboxylate,"
            ","
            ","
            ",PDB_265_PROTEIN
490,LYS,A,"
            ",599,3b,B,4.72,True,Carboxylate,"
            ","
            ","
            ",PDB_291_PROTEIN
523,LYS,A,"
            ",599,3b,B,5.40,True,Carboxylate,"
            ","
            ","
            ",PDB_405_PROTEIN
490,LYS,A,"
            ",599,3b,B,4.77,True,Carboxylate,"
            ","
            ","
            ",PDB_254_PROTEIN
523,LYS,A,"
            ",599,3b,B,5.28,True,Carboxylate,"
            ","
            ","
            ",PDB_469_PROTEIN
523,LYS,A,"
            ",599,3b,B,3.34,True,Carboxylate,"
            ","
            ","
            ",PDB_456_PROTEIN
505,ARG,A,"
            ",599,3b,B,4.25,True,Carboxylate,"
            ","
            ","
            ",PDB_45_PROTEIN
523,LYS,A,"
            ",599,3b,B,4.92,True,Carboxylate,"
            ","
            ","
            ",PDB_238_PROTEIN
435,LYS,A,"
            ",599,3b,B,4.98,True,Carboxylate,"
            ","
            ","
            ",PDB_89_PROTEIN
523,LYS,A,"
            ",599,3b,B,4.00,True,Carboxylate,"
            ","
            ","
            ",PDB_207_PROTEIN
362,LYS,A,"
            ",599,3b,B,3.72,True,Carboxylate,"
            ","
            ","
            ",PDB_42_PROTEIN
505,ARG,A,"
            ",599,3b,B,4.66,True,Carboxylate,"
            ","
            ","
            ",PDB_42_PROTEIN
523,LYS,A,"
            ",599,3b,B,3.61,True,Carboxylate,"
            ","
            ","
            ",PDB_451_PROTEIN
523,LYS,A,"
            ",599,3b,B,4.80,True,Carboxylate,"
            ","
            ","
            ",PDB_458_PROTEIN
523,LYS,A,"
            ",599,3b,B,4.85,True,Carboxylate,"
            ","
            ","
            ",PDB_467_PROTEIN
505,ARG,A,"
            ",599,3b,B,3.97,True,Carboxylate,"
            ","
            ","
            ",PDB_74_PROTEIN
435,LYS,A,"
            ",599,3b,B,4.53,True,Carboxylate,"
            ","
            ","
            ",PDB_80_PROTEIN
505,ARG,A,"
            ",599,3b,B,5.48,True,Carboxylate,"
            ","
            ","
            ",PDB_80_PROTEIN
544,LYS,A,"
            ",599,3b,B,3.42,True,Carboxylate,"
            ","
            ","
            ",PDB_80_PROTEIN
523,LYS,A,"
            ",599,3b,B,2.62,True,Carboxylate,"
            ","
            ","
            ",PDB_493_PROTEIN
523,LYS,A,"
            ",599,3b,B,3.51,True,Carboxylate,"
            ","
            ","
            ",PDB_494_PROTEIN
435,LYS,A,"
            ",599,3b,B,3.59,True,Carboxylate,"
            ","
            ","
            ",PDB_87_PROTEIN
523,LYS,A,"
            ",599,3b,B,4.92,True,Carboxylate,"
            ","
            ","
            ",PDB_460_PROTEIN
523,LYS,A,"
            ",599,3b,B,5.29,True,Carboxylate,"
            ","
            ","
            ",PDB_442_PROTEIN
359,LYS,A,"
            ",599,3b,B,5.08,True,Carboxylate,"
            ","
            ","
            ",PDB_51_PROTEIN
362,LYS,A,"
            ",599,3b,B,4.18,True,Carboxylate,"
            ","
            ","
            ",PDB_51_PROTEIN
505,ARG,A,"
            ",599,3b,B,4.29,True,Carboxylate,"
            ","
            ","
            ",PDB_51_PROTEIN
523,LYS,A,"
            ",599,3b,B,4.47,True,Carboxylate,"
            ","
            ","
            ",PDB_489_PROTEIN
523,LYS,A,"
            ",599,3b,B,5.38,True,Carboxylate,"
            ","
            ","
            ",PDB_489_PROTEIN
362,LYS,A,"
            ",599,3b,B,3.83,True,Carboxylate,"
            ","
            ","
            ",PDB_56_PROTEIN
435,LYS,A,"
            ",599,3b,B,4.62,True,Carboxylate,"
            ","
            ","
            ",PDB_56_PROTEIN
523,LYS,A,"
            ",599,3b,B,3.52,True,Carboxylate,"
            ","
            ","
            ",PDB_445_PROTEIN
505,ARG,A,"
            ",599,3b,B,3.15,True,Carboxylate,"
            ","
            ","
            ",PDB_69_PROTEIN
523,LYS,A,"
            ",599,3b,B,3.40,True,Carboxylate,"
            ","
            ","
            ",PDB_473_PROTEIN
523,LYS,A,"
            ",599,3b,B,5.42,True,Carboxylate,"
            ","
            ","
            ",PDB_473_PROTEIN
362,LYS,A,"
            ",599,3b,B,4.18,True,Carboxylate,"
            ","
            ","
            ",PDB_60_PROTEIN
505,ARG,A,"
            ",599,3b,B,4.65,True,Carboxylate,"
            ","
            ","
            ",PDB_60_PROTEIN
359,LYS,A,"
            ",599,3b,B,4.99,True,Carboxylate,"
            ","
            ","
            ",PDB_94_PROTEIN
505,ARG,A,"
            ",599,3b,B,3.92,True,Carboxylate,"
            ","
            ","
            ",PDB_94_PROTEIN
544,LYS,A,"
            ",599,3b,B,5.23,True,Carboxylate,"
            ","
            ","
            ",PDB_94_PROTEIN
390,LYS,A,"
            ",599,3b,B,5.31,True,Carboxylate,"
            ","
            ","
            ",PDB_93_PROTEIN
505,ARG,A,"
            ",599,3b,B,5.04,True,Carboxylate,"
            ","
            ","
            ",PDB_93_PROTEIN
359,LYS,A,"
            ",599,3b,B,4.94,True,Carboxylate,"
            ","
            ","
            ",PDB_67_PROTEIN
505,ARG,A,"
            ",599,3b,B,4.93,True,Carboxylate,"
            ","
            ","
            ",PDB_67_PROTEIN
490,LYS,A,"
            ",599,3b,B,3.49,True,Carboxylate,"
            ","
            ","
            ",PDB_474_PROTEIN
362,LYS,A,"
            ",599,3b,B,5.29,True,Carboxylate,"
            ","
            ","
            ",PDB_58_PROTEIN
435,LYS,A,"
            ",599,3b,B,3.91,True,Carboxylate,"
            ","
            ","
            ",PDB_58_PROTEIN
523,LYS,A,"
            ",599,3b,B,3.43,True,Carboxylate,"
            ","
            ","
            ",PDB_282_PROTEIN
362,LYS,A,"
            ",599,3b,B,2.58,True,Carboxylate,"
            ","
            ","
            ",PDB_33_PROTEIN
435,LYS,A,"
            ",599,3b,B,3.61,True,Carboxylate,"
            ","
            ","
            ",PDB_33_PROTEIN
523,LYS,A,"
            ",599,3b,B,3.18,True,Carboxylate,"
            ","
            ","
            ",PDB_276_PROTEIN
523,LYS,A,"
            ",599,3b,B,3.39,True,Carboxylate,"
            ","
            ","
            ",PDB_420_PROTEIN
523,LYS,A,"
            ",599,3b,B,5.30,True,Carboxylate,"
            ","
            ","
            ",PDB_420_PROTEIN
523,LYS,A,"
            ",599,3b,B,5.40,True,Carboxylate,"
            ","
            ","
            ",PDB_418_PROTEIN
523,LYS,A,"
            ",599,3b,B,3.17,True,Carboxylate,"
            ","
            ","
            ",PDB_427_PROTEIN
362,LYS,A,"
            ",599,3b,B,4.60,True,Carboxylate,"
            ","
            ","
            ",PDB_34_PROTEIN
523,LYS,A,"
            ",599,3b,B,5.44,True,Carboxylate,"
            ","
            ","
            ",PDB_285_PROTEIN
523,LYS,A,"
            ",599,3b,B,3.32,True,Carboxylate,"
            ","
            ","
            ",PDB_278_PROTEIN
523,LYS,A,"
            ",599,3b,B,2.86,True,Carboxylate,"
            ","
            ","
            ",PDB_411_PROTEIN
523,LYS,A,"
            ",599,3b,B,5.17,True,Carboxylate,"
            ","
            ","
            ",PDB_429_PROTEIN
523,LYS,A,"
            ",599,3b,B,3.83,True,Carboxylate,"
            ","
            ","
            ",PDB_416_PROTEIN
505,ARG,A,"
            ",599,3b,B,4.67,True,Carboxylate,"
            ","
            ","
            ",PDB_66_PROTEIN
505,ARG,A,"
            ",599,3b,B,4.56,True,Carboxylate,"
            ","
            ","
            ",PDB_92_PROTEIN
362,LYS,A,"
            ",599,3b,B,3.67,True,Carboxylate,"
            ","
            ","
            ",PDB_59_PROTEIN
435,LYS,A,"
            ",599,3b,B,5.28,True,Carboxylate,"
            ","
            ","
            ",PDB_59_PROTEIN
505,ARG,A,"
            ",599,3b,B,4.86,True,Carboxylate,"
            ","
            ","
            ",PDB_59_PROTEIN
435,LYS,A,"
            ",599,3b,B,5.02,True,Carboxylate,"
            ","
            ","
            ",PDB_95_PROTEIN
544,LYS,A,"
            ",599,3b,B,3.71,True,Carboxylate,"
            ","
            ","
            ",PDB_95_PROTEIN
523,LYS,A,"
            ",599,3b,B,4.14,True,Carboxylate,"
            ","
            ","
            ",PDB_486_PROTEIN
490,LYS,A,"
            ",599,3b,B,3.77,True,Carboxylate,"
            ","
            ","
            ",PDB_472_PROTEIN
362,LYS,A,"
            ",599,3b,B,4.81,True,Carboxylate,"
            ","
            ","
            ",PDB_61_PROTEIN
435,LYS,A,"
            ",599,3b,B,4.99,True,Carboxylate,"
            ","
            ","
            ",PDB_61_PROTEIN
505,ARG,A,"
            ",599,3b,B,4.34,True,Carboxylate,"
            ","
            ","
            ",PDB_61_PROTEIN
435,LYS,A,"
            ",599,3b,B,5.22,True,Carboxylate,"
            ","
            ","
            ",PDB_57_PROTEIN
435,LYS,A,"
            ",599,3b,B,3.18,True,Carboxylate,"
            ","
            ","
            ",PDB_57_PROTEIN
505,ARG,A,"
            ",599,3b,B,4.36,True,Carboxylate,"
            ","
            ","
            ",PDB_57_PROTEIN
523,LYS,A,"
            ",599,3b,B,5.16,True,Carboxylate,"
            ","
            ","
            ",PDB_444_PROTEIN
505,ARG,A,"
            ",599,3b,B,4.79,True,Carboxylate,"
            ","
            ","
            ",PDB_68_PROTEIN
523,LYS,A,"
            ",599,3b,B,3.97,True,Carboxylate,"
            ","
            ","
            ",PDB_443_PROTEIN
362,LYS,A,"
            ",599,3b,B,3.61,True,Carboxylate,"
            ","
            ","
            ",PDB_50_PROTEIN
505,ARG,A,"
            ",599,3b,B,3.87,True,Carboxylate,"
            ","
            ","
            ",PDB_50_PROTEIN
523,LYS,A,"
            ",599,3b,B,3.93,True,Carboxylate,"
            ","
            ","
            ",PDB_428_PROTEIN
523,LYS,A,"
            ",599,3b,B,3.28,True,Carboxylate,"
            ","
            ","
            ",PDB_417_PROTEIN
523,LYS,A,"
            ",599,3b,B,4.78,True,Carboxylate,"
            ","
            ","
            ",PDB_417_PROTEIN
523,LYS,A,"
            ",599,3b,B,4.76,True,Carboxylate,"
            ","
            ","
            ",PDB_241_PROTEIN
523,LYS,A,"
            ",599,3b,B,3.50,True,Carboxylate,"
            ","
            ","
            ",PDB_279_PROTEIN
523,LYS,A,"
            ",599,3b,B,3.25,True,Carboxylate,"
            ","
            ","
            ",PDB_246_PROTEIN
523,LYS,A,"
            ",599,3b,B,5.12,True,Carboxylate,"
            ","
            ","
            ",PDB_410_PROTEIN
523,LYS,A,"
            ",599,3b,B,3.37,True,Carboxylate,"
            ","
            ","
            ",PDB_426_PROTEIN
505,ARG,A,"
            ",599,3b,B,5.03,True,Carboxylate,"
            ","
            ","
            ",PDB_35_PROTEIN
523,LYS,A,"
            ",599,3b,B,4.84,True,Carboxylate,"
            ","
            ","
            ",PDB_277_PROTEIN
435,LYS,A,"
            ",599,3b,B,3.15,True,Carboxylate,"
            ","
            ","
            ",PDB_32_PROTEIN
523,LYS,A,"
            ",599,3b,B,5.19,True,Carboxylate,"
            ","
            ","
            ",PDB_421_PROTEIN
523,LYS,A,"
            ",599,3b,B,5.41,True,Carboxylate,"
            ","
            ","
            ",PDB_421_PROTEIN
523,LYS,A,"
            ",599,3b,B,3.87,True,Carboxylate,"
            ","
            ","
            ",PDB_283_PROTEIN
435,LYS,A,"
            ",599,3b,B,5.20,True,Carboxylate,"
            ","
            ","
            ",PDB_108_PROTEIN
505,ARG,A,"
            ",599,3b,B,4.86,True,Carboxylate,"
            ","
            ","
            ",PDB_108_PROTEIN
505,ARG,A,"
            ",599,3b,B,5.44,True,Carboxylate,"
            ","
            ","
            ",PDB_106_PROTEIN
523,LYS,A,"
            ",599,3b,B,3.63,True,Carboxylate,"
            ","
            ","
            ",PDB_155_PROTEIN
523,LYS,A,"
            ",599,3b,B,4.40,True,Carboxylate,"
            ","
            ","
            ",PDB_199_PROTEIN
523,LYS,A,"
            ",599,3b,B,3.89,True,Carboxylate,"
            ","
            ","
            ",PDB_199_PROTEIN
523,LYS,A,"
            ",599,3b,B,3.17,True,Carboxylate,"
            ","
            ","
            ",PDB_164_PROTEIN
523,LYS,A,"
            ",599,3b,B,3.81,True,Carboxylate,"
            ","
            ","
            ",PDB_163_PROTEIN
523,LYS,A,"
            ",599,3b,B,4.62,True,Carboxylate,"
            ","
            ","
            ",PDB_163_PROTEIN
505,ARG,A,"
            ",599,3b,B,3.30,True,Carboxylate,"
            ","
            ","
            ",PDB_100_PROTEIN
544,LYS,A,"
            ",599,3b,B,3.71,True,Carboxylate,"
            ","
            ","
            ",PDB_100_PROTEIN
523,LYS,A,"
            ",599,3b,B,4.28,True,Carboxylate,"
            ","
            ","
            ",PDB_332_PROTEIN
435,LYS,A,"
            ",599,3b,B,3.44,True,Carboxylate,"
            ","
            ","
            ",PDB_107_PROTEIN
362,LYS,A,"
            ",599,3b,B,3.86,True,Carboxylate,"
            ","
            ","
            ",PDB_109_PROTEIN
435,LYS,A,"
            ",599,3b,B,5.46,True,Carboxylate,"
            ","
            ","
            ",PDB_109_PROTEIN
505,ARG,A,"
            ",599,3b,B,4.55,True,Carboxylate,"
            ","
            ","
            ",PDB_109_PROTEIN
505,ARG,A,"
            ",599,3b,B,4.57,True,Carboxylate,"
            ","
            ","
            ",PDB_109_PROTEIN
523,LYS,A,"
            ",599,3b,B,3.83,True,Carboxylate,"
            ","
            ","
            ",PDB_350_PROTEIN
523,LYS,A,"
            ",599,3b,B,3.85,True,Carboxylate,"
            ","
            ","
            ",PDB_162_PROTEIN
523,LYS,A,"
            ",599,3b,B,3.68,True,Carboxylate,"
            ","
            ","
            ",PDB_196_PROTEIN
523,LYS,A,"
            ",599,3b,B,3.21,True,Carboxylate,"
            ","
            ","
            ",PDB_198_PROTEIN
